participant	item	size	place	high	back	round	choice
u54	ʤak	CVC	DOR	0	1	0	0
u54	zik	CVC	DOR	1	0	0	1
u54	zyp	CVC	LAB	1	0	1	0
u54	hit	CVC	COR	1	0	0	0
u54	køʧ	CVC	PAL	0	0	1	0
u54	jiʧ	CVC	PAL	1	0	0	0
u54	pɯk	CVC	DOR	1	1	0	0
u54	søt	CVC	COR	0	0	1	0
u54	ʤyt	CVC	COR	1	0	1	0
u54	nut	CVC	COR	1	1	1	0
u54	mok	CVC	DOR	0	1	1	0
u54	mɯt	CVC	COR	1	1	0	0
u54	nuk	CVC	DOR	1	1	1	0
u54	nɯʧ	CVC	PAL	1	1	0	0
u54	tup	CVC	LAB	1	1	1	0
u54	dap	CVC	LAB	0	1	0	0
u54	vek	CVC	DOR	0	0	0	0
u54	jot	CVC	COR	0	1	1	0
u54	poʧ	CVC	PAL	0	1	1	0
u54	pet	CVC	COR	0	0	0	0
u54	gep	CVC	LAB	0	0	0	0
u54	høk	CVC	DOR	0	0	1	0
u54	fat	CVC	COR	0	1	0	0
u54	ʃyk	CVC	DOR	1	0	1	0
u54	nyrt	CVCC	COR	1	0	1	0
u54	zelt	CVCC	COR	0	0	0	0
u54	kyrp	CVCC	LAB	1	0	1	0
u54	munʧ	CVCC	PAL	1	1	1	1
u54	ʤolt	CVCC	COR	0	1	1	0
u54	ʃɯrt	CVCC	COR	1	1	0	0
u54	ʧint	CVCC	COR	1	0	0	0
u54	panʧ	CVCC	PAL	0	1	0	1
u54	hant	CVCC	COR	0	1	0	0
u54	dɯrp	CVCC	LAB	1	1	0	0
u54	gønt	CVCC	COR	0	0	1	0
u54	solp	CVCC	LAB	0	1	1	0
u54	bunt	CVCC	COR	1	1	1	0
u54	telp	CVCC	LAB	0	0	0	0
u54	jønʧ	CVCC	PAL	0	0	1	1
u54	ginʧ	CVCC	PAL	1	0	0	1
u54	bolk	CVCC	DOR	0	1	1	0
u54	niket	CVCVC	COR	0	0	0	0
u54	pyrk	CVCC	DOR	1	0	1	0
u54	jaat	CVCVC	COR	0	1	0	0
u54	jɯjap	CVCVC	LAB	0	1	0	0
u54	ʤisip	CVCVC	LAB	1	0	0	0
u54	gevit	CVCVC	COR	1	0	0	1
u54	bølyʧ	CVCVC	PAL	1	0	1	0
u54	vank	CVCC	DOR	0	1	0	1
u54	sønk	CVCC	DOR	0	0	1	0
u54	kunup	CVCVC	LAB	1	1	1	1
u54	tyryʧ	CVCVC	PAL	1	0	1	0
u54	pɯsɯt	CVCVC	COR	1	1	0	0
u54	heveʧ	CVCVC	PAL	0	0	0	0
u54	sølyt	CVCVC	COR	1	0	1	0
u54	gojup	CVCVC	LAB	1	1	1	1
u54	nɯrk	CVCC	DOR	1	1	0	0
u54	dunk	CVCC	DOR	1	1	1	1
u54	helk	CVCC	DOR	0	0	0	0
u54	tink	CVCC	DOR	1	0	0	1
u54	bynyt	CVCVC	COR	1	0	1	0
u54	maɯʧ	CVCVC	PAL	1	1	0	1
u54	ʧorut	CVCVC	COR	1	1	1	0
u54	mujut	CVCVC	COR	1	1	1	0
u54	banɯk	CVCVC	DOR	1	1	0	1
u54	zoruk	CVCVC	DOR	1	1	1	1
u54	juluk	CVCVC	DOR	1	1	1	1
u54	tatak	CVCVC	DOR	0	1	0	1
u54	dyjyk	CVCVC	DOR	1	0	1	1
u54	mesek	CVCVC	DOR	0	0	0	1
u54	nønyk	CVCVC	DOR	1	0	1	1
u54	perik	CVCVC	DOR	1	0	0	1
u55	bunt	CVCC	COR	1	1	1	0
u55	tatak	CVCVC	DOR	0	1	0	0
u55	helk	CVCC	DOR	0	0	0	0
u55	køʧ	CVC	PAL	0	0	1	0
u55	dap	CVC	LAB	0	1	0	0
u55	niket	CVCVC	COR	0	0	0	1
u55	vank	CVCC	DOR	0	1	0	0
u55	sønk	CVCC	DOR	0	0	1	0
u55	hant	CVCC	COR	0	1	0	0
u55	munʧ	CVCC	PAL	1	1	1	1
u55	tup	CVC	LAB	1	1	1	0
u55	jot	CVC	COR	0	1	1	0
u55	dunk	CVCC	DOR	1	1	1	0
u55	bølyʧ	CVCVC	PAL	1	0	1	0
u55	panʧ	CVCC	PAL	0	1	0	0
u55	jɯjap	CVCVC	LAB	0	1	0	1
u55	nuk	CVC	DOR	1	1	1	1
u55	juluk	CVCVC	DOR	1	1	1	1
u55	telp	CVCC	LAB	0	0	0	1
u55	ʤyt	CVC	COR	1	0	1	0
u55	tink	CVCC	DOR	1	0	0	0
u55	tyryʧ	CVCVC	PAL	1	0	1	0
u55	ʃyk	CVC	DOR	1	0	1	0
u55	gojup	CVCVC	LAB	1	1	1	0
u55	nɯrk	CVCC	DOR	1	1	0	0
u55	ʧorut	CVCVC	COR	1	1	1	0
u55	ʤisip	CVCVC	LAB	1	0	0	0
u55	ʧint	CVCC	COR	1	0	0	0
u55	nɯʧ	CVC	PAL	1	1	0	0
u55	nut	CVC	COR	1	1	1	0
u55	pyrk	CVCC	DOR	1	0	1	0
u55	vek	CVC	DOR	0	0	0	0
u55	gep	CVC	LAB	0	0	0	0
u55	gønt	CVCC	COR	0	0	1	0
u55	hit	CVC	COR	1	0	0	0
u55	ʃɯrt	CVCC	COR	1	1	0	0
u55	bolk	CVCC	DOR	0	1	1	0
u55	pet	CVC	COR	0	0	0	0
u55	ʤolt	CVCC	COR	0	1	1	0
u55	solp	CVCC	LAB	0	1	1	0
u55	mujut	CVCVC	COR	1	1	1	0
u55	pɯk	CVC	DOR	1	1	0	0
u55	jaat	CVCVC	COR	0	1	0	1
u55	jiʧ	CVC	PAL	1	0	0	0
u55	jønʧ	CVCC	PAL	0	0	1	0
u55	perik	CVCVC	DOR	1	0	0	1
u55	mɯt	CVC	COR	1	1	0	0
u55	sølyt	CVCVC	COR	1	0	1	0
u55	søt	CVC	COR	0	0	1	1
u55	zelt	CVCC	COR	0	0	0	0
u55	dɯrp	CVCC	LAB	1	1	0	1
u55	kyrp	CVCC	LAB	1	0	1	0
u55	nønyk	CVCVC	DOR	1	0	1	1
u55	nyrt	CVCC	COR	1	0	1	0
u55	mok	CVC	DOR	0	1	1	0
u55	heveʧ	CVCVC	PAL	0	0	0	0
u55	ʤak	CVC	DOR	0	1	0	0
u55	høk	CVC	DOR	0	0	1	0
u55	poʧ	CVC	PAL	0	1	1	1
u55	mesek	CVCVC	DOR	0	0	0	1
u55	zyp	CVC	LAB	1	0	1	0
u55	banɯk	CVCVC	DOR	1	1	0	1
u55	gevit	CVCVC	COR	1	0	0	0
u55	kunup	CVCVC	LAB	1	1	1	0
u55	pɯsɯt	CVCVC	COR	1	1	0	1
u55	dyjyk	CVCVC	DOR	1	0	1	1
u55	zoruk	CVCVC	DOR	1	1	1	1
u55	ginʧ	CVCC	PAL	1	0	0	1
u55	zik	CVC	DOR	1	0	0	1
u55	bynyt	CVCVC	COR	1	0	1	1
u55	fat	CVC	COR	0	1	0	0
u55	maɯʧ	CVCVC	PAL	1	1	0	1
u56	gojup	CVCVC	LAB	1	1	1	1
u56	poʧ	CVC	PAL	0	1	1	0
u56	dɯrp	CVCC	LAB	1	1	0	0
u56	kyrp	CVCC	LAB	1	0	1	0
u56	zoruk	CVCVC	DOR	1	1	1	1
u56	ʃyk	CVC	DOR	1	0	1	0
u56	niket	CVCVC	COR	0	0	0	1
u56	nønyk	CVCVC	DOR	1	0	1	1
u56	vank	CVCC	DOR	0	1	0	0
u56	juluk	CVCVC	DOR	1	1	1	1
u56	sønk	CVCC	DOR	0	0	1	1
u56	perik	CVCVC	DOR	1	0	0	1
u56	zyp	CVC	LAB	1	0	1	0
u56	nyrt	CVCC	COR	1	0	1	0
u56	tink	CVCC	DOR	1	0	0	1
u56	hit	CVC	COR	1	0	0	0
u56	telp	CVCC	LAB	0	0	0	1
u56	bunt	CVCC	COR	1	1	1	0
u56	pɯk	CVC	DOR	1	1	0	1
u56	dap	CVC	LAB	0	1	0	0
u56	ʤyt	CVC	COR	1	0	1	0
u56	zelt	CVCC	COR	0	0	0	0
u56	helk	CVCC	DOR	0	0	0	1
u56	nɯʧ	CVC	PAL	1	1	0	0
u56	ʤolt	CVCC	COR	0	1	1	0
u56	mujut	CVCVC	COR	1	1	1	0
u56	gønt	CVCC	COR	0	0	1	0
u56	hant	CVCC	COR	0	1	0	1
u56	ʤisip	CVCVC	LAB	1	0	0	1
u56	jønʧ	CVCC	PAL	0	0	1	1
u56	gep	CVC	LAB	0	0	0	1
u56	bynyt	CVCVC	COR	1	0	1	1
u56	jot	CVC	COR	0	1	1	0
u56	munʧ	CVCC	PAL	1	1	1	0
u56	bolk	CVCC	DOR	0	1	1	0
u56	tyryʧ	CVCVC	PAL	1	0	1	1
u56	nut	CVC	COR	1	1	1	1
u56	pet	CVC	COR	0	0	0	0
u56	zik	CVC	DOR	1	0	0	0
u56	solp	CVCC	LAB	0	1	1	0
u56	ʧint	CVCC	COR	1	0	0	0
u56	ʃɯrt	CVCC	COR	1	1	0	0
u56	dyjyk	CVCVC	DOR	1	0	1	1
u56	ʤak	CVC	DOR	0	1	0	0
u56	nɯrk	CVCC	DOR	1	1	0	0
u56	mɯt	CVC	COR	1	1	0	0
u56	pyrk	CVCC	DOR	1	0	1	0
u56	banɯk	CVCVC	DOR	1	1	0	1
u56	jiʧ	CVC	PAL	1	0	0	0
u56	sølyt	CVCVC	COR	1	0	1	0
u56	høk	CVC	DOR	0	0	1	0
u56	maɯʧ	CVCVC	PAL	1	1	0	1
u56	jaat	CVCVC	COR	0	1	0	0
u56	panʧ	CVCC	PAL	0	1	0	0
u56	pɯsɯt	CVCVC	COR	1	1	0	0
u56	tatak	CVCVC	DOR	0	1	0	1
u56	vek	CVC	DOR	0	0	0	1
u56	køʧ	CVC	PAL	0	0	1	0
u56	mok	CVC	DOR	0	1	1	1
u56	ʧorut	CVCVC	COR	1	1	1	0
u56	bølyʧ	CVCVC	PAL	1	0	1	1
u56	heveʧ	CVCVC	PAL	0	0	0	0
u56	mesek	CVCVC	DOR	0	0	0	1
u56	nuk	CVC	DOR	1	1	1	0
u56	gevit	CVCVC	COR	1	0	0	1
u56	tup	CVC	LAB	1	1	1	0
u56	jɯjap	CVCVC	LAB	0	1	0	1
u56	dunk	CVCC	DOR	1	1	1	0
u56	ginʧ	CVCC	PAL	1	0	0	1
u56	kunup	CVCVC	LAB	1	1	1	1
u56	fat	CVC	COR	0	1	0	1
u56	søt	CVC	COR	0	0	1	1
u57	nɯrk	CVCC	DOR	1	1	0	0
u57	bunt	CVCC	COR	1	1	1	0
u57	sølyt	CVCVC	COR	1	0	1	0
u57	ginʧ	CVCC	PAL	1	0	0	0
u57	mok	CVC	DOR	0	1	1	0
u57	panʧ	CVCC	PAL	0	1	0	0
u57	bolk	CVCC	DOR	0	1	1	0
u57	zyp	CVC	LAB	1	0	1	1
u57	telp	CVCC	LAB	0	0	0	1
u57	dyjyk	CVCVC	DOR	1	0	1	1
u57	ʤolt	CVCC	COR	0	1	1	0
u57	jot	CVC	COR	0	1	1	0
u57	tink	CVCC	DOR	1	0	0	0
u57	nyrt	CVCC	COR	1	0	1	1
u57	nønyk	CVCVC	DOR	1	0	1	1
u57	mɯt	CVC	COR	1	1	0	1
u57	ʤisip	CVCVC	LAB	1	0	0	1
u57	banɯk	CVCVC	DOR	1	1	0	1
u57	zelt	CVCC	COR	0	0	0	0
u57	pet	CVC	COR	0	0	0	0
u57	poʧ	CVC	PAL	0	1	1	0
u57	jɯjap	CVCVC	LAB	0	1	0	1
u57	bølyʧ	CVCVC	PAL	1	0	1	0
u57	tup	CVC	LAB	1	1	1	1
u57	mesek	CVCVC	DOR	0	0	0	0
u57	munʧ	CVCC	PAL	1	1	1	1
u57	helk	CVCC	DOR	0	0	0	1
u57	høk	CVC	DOR	0	0	1	0
u57	maɯʧ	CVCVC	PAL	1	1	0	0
u57	ʃyk	CVC	DOR	1	0	1	0
u57	gønt	CVCC	COR	0	0	1	0
u57	juluk	CVCVC	DOR	1	1	1	1
u57	nuk	CVC	DOR	1	1	1	1
u57	gep	CVC	LAB	0	0	0	1
u57	niket	CVCVC	COR	0	0	0	0
u57	pɯk	CVC	DOR	1	1	0	0
u57	ʧorut	CVCVC	COR	1	1	1	0
u57	pyrk	CVCC	DOR	1	0	1	0
u57	jaat	CVCVC	COR	0	1	0	0
u57	zoruk	CVCVC	DOR	1	1	1	1
u57	zik	CVC	DOR	1	0	0	0
u57	mujut	CVCVC	COR	1	1	1	1
u57	tyryʧ	CVCVC	PAL	1	0	1	1
u57	dɯrp	CVCC	LAB	1	1	0	0
u57	vank	CVCC	DOR	0	1	0	1
u57	tatak	CVCVC	DOR	0	1	0	1
u57	gevit	CVCVC	COR	1	0	0	0
u57	ʤyt	CVC	COR	1	0	1	1
u57	jiʧ	CVC	PAL	1	0	0	1
u57	kyrp	CVCC	LAB	1	0	1	1
u57	nɯʧ	CVC	PAL	1	1	0	1
u57	sønk	CVCC	DOR	0	0	1	0
u57	søt	CVC	COR	0	0	1	0
u57	pɯsɯt	CVCVC	COR	1	1	0	0
u57	ʃɯrt	CVCC	COR	1	1	0	0
u57	nut	CVC	COR	1	1	1	0
u57	hant	CVCC	COR	0	1	0	0
u57	ʤak	CVC	DOR	0	1	0	0
u57	gojup	CVCVC	LAB	1	1	1	1
u57	solp	CVCC	LAB	0	1	1	0
u57	bynyt	CVCVC	COR	1	0	1	1
u57	køʧ	CVC	PAL	0	0	1	1
u57	vek	CVC	DOR	0	0	0	1
u57	ʧint	CVCC	COR	1	0	0	0
u57	kunup	CVCVC	LAB	1	1	1	1
u57	dap	CVC	LAB	0	1	0	0
u57	dunk	CVCC	DOR	1	1	1	0
u57	perik	CVCVC	DOR	1	0	0	1
u57	heveʧ	CVCVC	PAL	0	0	0	0
u57	fat	CVC	COR	0	1	0	0
u57	hit	CVC	COR	1	0	0	0
u57	jønʧ	CVCC	PAL	0	0	1	0
u58	tup	CVC	LAB	1	1	1	0
u58	nut	CVC	COR	1	1	1	0
u58	kyrp	CVCC	LAB	1	0	1	1
u58	gojup	CVCVC	LAB	1	1	1	1
u58	panʧ	CVCC	PAL	0	1	0	0
u58	dap	CVC	LAB	0	1	0	0
u58	ʃɯrt	CVCC	COR	1	1	0	1
u58	tink	CVCC	DOR	1	0	0	0
u58	mujut	CVCVC	COR	1	1	1	0
u58	gevit	CVCVC	COR	1	0	0	1
u58	sølyt	CVCVC	COR	1	0	1	1
u58	niket	CVCVC	COR	0	0	0	1
u58	helk	CVCC	DOR	0	0	0	1
u58	hit	CVC	COR	1	0	0	1
u58	bølyʧ	CVCVC	PAL	1	0	1	1
u58	ʤyt	CVC	COR	1	0	1	1
u58	køʧ	CVC	PAL	0	0	1	0
u58	jiʧ	CVC	PAL	1	0	0	0
u58	zik	CVC	DOR	1	0	0	0
u58	dɯrp	CVCC	LAB	1	1	0	1
u58	pyrk	CVCC	DOR	1	0	1	0
u58	ʤak	CVC	DOR	0	1	0	0
u58	mok	CVC	DOR	0	1	1	0
u58	munʧ	CVCC	PAL	1	1	1	1
u58	zelt	CVCC	COR	0	0	0	1
u58	dyjyk	CVCVC	DOR	1	0	1	0
u58	pet	CVC	COR	0	0	0	1
u58	perik	CVCVC	DOR	1	0	0	0
u58	telp	CVCC	LAB	0	0	0	0
u58	heveʧ	CVCVC	PAL	0	0	0	0
u58	juluk	CVCVC	DOR	1	1	1	1
u58	gønt	CVCC	COR	0	0	1	0
u58	pɯk	CVC	DOR	1	1	0	0
u58	maɯʧ	CVCVC	PAL	1	1	0	1
u58	ʤisip	CVCVC	LAB	1	0	0	1
u58	jɯjap	CVCVC	LAB	0	1	0	1
u58	zoruk	CVCVC	DOR	1	1	1	0
u58	nønyk	CVCVC	DOR	1	0	1	1
u58	banɯk	CVCVC	DOR	1	1	0	0
u58	nɯʧ	CVC	PAL	1	1	0	0
u58	ʧorut	CVCVC	COR	1	1	1	0
u58	søt	CVC	COR	0	0	1	0
u58	bolk	CVCC	DOR	0	1	1	0
u58	vank	CVCC	DOR	0	1	0	1
u58	tyryʧ	CVCVC	PAL	1	0	1	0
u58	nuk	CVC	DOR	1	1	1	1
u58	nɯrk	CVCC	DOR	1	1	0	1
u58	hant	CVCC	COR	0	1	0	0
u58	ginʧ	CVCC	PAL	1	0	0	1
u58	høk	CVC	DOR	0	0	1	0
u58	tatak	CVCVC	DOR	0	1	0	0
u58	jønʧ	CVCC	PAL	0	0	1	1
u58	bynyt	CVCVC	COR	1	0	1	0
u58	vek	CVC	DOR	0	0	0	0
u58	ʃyk	CVC	DOR	1	0	1	0
u58	poʧ	CVC	PAL	0	1	1	0
u58	gep	CVC	LAB	0	0	0	0
u58	nyrt	CVCC	COR	1	0	1	0
u58	zyp	CVC	LAB	1	0	1	0
u58	solp	CVCC	LAB	0	1	1	0
u58	fat	CVC	COR	0	1	0	1
u58	dunk	CVCC	DOR	1	1	1	1
u58	jaat	CVCVC	COR	0	1	0	0
u58	ʤolt	CVCC	COR	0	1	1	0
u58	ʧint	CVCC	COR	1	0	0	1
u58	mesek	CVCVC	DOR	0	0	0	0
u58	sønk	CVCC	DOR	0	0	1	1
u58	jot	CVC	COR	0	1	1	0
u58	kunup	CVCVC	LAB	1	1	1	1
u58	bunt	CVCC	COR	1	1	1	1
u58	mɯt	CVC	COR	1	1	0	0
u58	pɯsɯt	CVCVC	COR	1	1	0	1
u59	mɯt	CVC	COR	1	1	0	0
u59	høk	CVC	DOR	0	0	1	0
u59	dunk	CVCC	DOR	1	1	1	0
u59	ʧorut	CVCVC	COR	1	1	1	0
u59	fat	CVC	COR	0	1	0	0
u59	nɯʧ	CVC	PAL	1	1	0	0
u59	køʧ	CVC	PAL	0	0	1	0
u59	munʧ	CVCC	PAL	1	1	1	0
u59	helk	CVCC	DOR	0	0	0	0
u59	søt	CVC	COR	0	0	1	0
u59	jønʧ	CVCC	PAL	0	0	1	1
u59	nut	CVC	COR	1	1	1	0
u59	gojup	CVCVC	LAB	1	1	1	1
u59	nønyk	CVCVC	DOR	1	0	1	1
u59	ginʧ	CVCC	PAL	1	0	0	1
u59	panʧ	CVCC	PAL	0	1	0	0
u59	dyjyk	CVCVC	DOR	1	0	1	1
u59	dap	CVC	LAB	0	1	0	0
u59	dɯrp	CVCC	LAB	1	1	0	0
u59	nɯrk	CVCC	DOR	1	1	0	0
u59	heveʧ	CVCVC	PAL	0	0	0	1
u59	gep	CVC	LAB	0	0	0	1
u59	zik	CVC	DOR	1	0	0	0
u59	hant	CVCC	COR	0	1	0	1
u59	bunt	CVCC	COR	1	1	1	0
u59	ʤisip	CVCVC	LAB	1	0	0	1
u59	ʃɯrt	CVCC	COR	1	1	0	0
u59	hit	CVC	COR	1	0	0	0
u59	pyrk	CVCC	DOR	1	0	1	0
u59	perik	CVCVC	DOR	1	0	0	1
u59	pet	CVC	COR	0	0	0	1
u59	mesek	CVCVC	DOR	0	0	0	1
u59	poʧ	CVC	PAL	0	1	1	0
u59	tink	CVCC	DOR	1	0	0	0
u59	telp	CVCC	LAB	0	0	0	1
u59	tup	CVC	LAB	1	1	1	1
u59	sønk	CVCC	DOR	0	0	1	1
u59	mujut	CVCVC	COR	1	1	1	1
u59	ʃyk	CVC	DOR	1	0	1	0
u59	vek	CVC	DOR	0	0	0	1
u59	gønt	CVCC	COR	0	0	1	1
u59	bolk	CVCC	DOR	0	1	1	0
u59	zoruk	CVCVC	DOR	1	1	1	1
u59	solp	CVCC	LAB	0	1	1	1
u59	jaat	CVCVC	COR	0	1	0	1
u59	nyrt	CVCC	COR	1	0	1	0
u59	gevit	CVCVC	COR	1	0	0	1
u59	ʤak	CVC	DOR	0	1	0	0
u59	tyryʧ	CVCVC	PAL	1	0	1	1
u59	pɯsɯt	CVCVC	COR	1	1	0	1
u59	zyp	CVC	LAB	1	0	1	0
u59	jiʧ	CVC	PAL	1	0	0	1
u59	sølyt	CVCVC	COR	1	0	1	0
u59	niket	CVCVC	COR	0	0	0	0
u59	juluk	CVCVC	DOR	1	1	1	1
u59	bynyt	CVCVC	COR	1	0	1	0
u59	banɯk	CVCVC	DOR	1	1	0	1
u59	kunup	CVCVC	LAB	1	1	1	1
u59	jot	CVC	COR	0	1	1	0
u59	nuk	CVC	DOR	1	1	1	1
u59	mok	CVC	DOR	0	1	1	0
u59	kyrp	CVCC	LAB	1	0	1	1
u59	maɯʧ	CVCVC	PAL	1	1	0	1
u59	zelt	CVCC	COR	0	0	0	1
u59	vank	CVCC	DOR	0	1	0	0
u59	pɯk	CVC	DOR	1	1	0	1
u59	jɯjap	CVCVC	LAB	0	1	0	1
u59	tatak	CVCVC	DOR	0	1	0	1
u59	ʧint	CVCC	COR	1	0	0	0
u59	bølyʧ	CVCVC	PAL	1	0	1	1
u59	ʤyt	CVC	COR	1	0	1	0
u59	ʤolt	CVCC	COR	0	1	1	0
u62	mujut	CVCVC	COR	1	1	1	0
u62	telp	CVCC	LAB	0	0	0	1
u62	dyjyk	CVCVC	DOR	1	0	1	1
u62	perik	CVCVC	DOR	1	0	0	1
u62	søt	CVC	COR	0	0	1	0
u62	juluk	CVCVC	DOR	1	1	1	1
u62	heveʧ	CVCVC	PAL	0	0	0	0
u62	gojup	CVCVC	LAB	1	1	1	1
u62	mɯt	CVC	COR	1	1	0	0
u62	nuk	CVC	DOR	1	1	1	1
u62	kunup	CVCVC	LAB	1	1	1	1
u62	zyp	CVC	LAB	1	0	1	1
u62	jiʧ	CVC	PAL	1	0	0	0
u62	jɯjap	CVCVC	LAB	0	1	0	1
u62	gønt	CVCC	COR	0	0	1	0
u62	bolk	CVCC	DOR	0	1	1	0
u62	dunk	CVCC	DOR	1	1	1	0
u62	jønʧ	CVCC	PAL	0	0	1	0
u62	nønyk	CVCVC	DOR	1	0	1	1
u62	hant	CVCC	COR	0	1	0	1
u62	zelt	CVCC	COR	0	0	0	0
u62	pɯk	CVC	DOR	1	1	0	1
u62	maɯʧ	CVCVC	PAL	1	1	0	1
u62	ʃyk	CVC	DOR	1	0	1	1
u62	fat	CVC	COR	0	1	0	0
u62	poʧ	CVC	PAL	0	1	1	1
u62	hit	CVC	COR	1	0	0	0
u62	ʤisip	CVCVC	LAB	1	0	0	0
u62	dɯrp	CVCC	LAB	1	1	0	0
u62	gevit	CVCVC	COR	1	0	0	0
u62	ʤolt	CVCC	COR	0	1	1	0
u62	ʧorut	CVCVC	COR	1	1	1	1
u62	ʤak	CVC	DOR	0	1	0	1
u62	vank	CVCC	DOR	0	1	0	0
u62	mok	CVC	DOR	0	1	1	1
u62	pet	CVC	COR	0	0	0	1
u62	sølyt	CVCVC	COR	1	0	1	1
u62	jot	CVC	COR	0	1	1	0
u62	kyrp	CVCC	LAB	1	0	1	0
u62	solp	CVCC	LAB	0	1	1	0
u62	ʧint	CVCC	COR	1	0	0	0
u62	sønk	CVCC	DOR	0	0	1	0
u62	dap	CVC	LAB	0	1	0	0
u62	nyrt	CVCC	COR	1	0	1	1
u62	zik	CVC	DOR	1	0	0	0
u62	nut	CVC	COR	1	1	1	0
u62	bynyt	CVCVC	COR	1	0	1	1
u62	gep	CVC	LAB	0	0	0	1
u62	nɯʧ	CVC	PAL	1	1	0	0
u62	niket	CVCVC	COR	0	0	0	0
u62	jaat	CVCVC	COR	0	1	0	1
u62	munʧ	CVCC	PAL	1	1	1	1
u62	ginʧ	CVCC	PAL	1	0	0	1
u62	tup	CVC	LAB	1	1	1	0
u62	høk	CVC	DOR	0	0	1	0
u62	vek	CVC	DOR	0	0	0	1
u62	helk	CVCC	DOR	0	0	0	0
u62	tink	CVCC	DOR	1	0	0	0
u62	bølyʧ	CVCVC	PAL	1	0	1	0
u62	bunt	CVCC	COR	1	1	1	1
u62	nɯrk	CVCC	DOR	1	1	0	0
u62	pɯsɯt	CVCVC	COR	1	1	0	1
u62	mesek	CVCVC	DOR	0	0	0	0
u62	tatak	CVCVC	DOR	0	1	0	1
u62	banɯk	CVCVC	DOR	1	1	0	1
u62	ʤyt	CVC	COR	1	0	1	0
u62	zoruk	CVCVC	DOR	1	1	1	1
u62	tyryʧ	CVCVC	PAL	1	0	1	1
u62	pyrk	CVCC	DOR	1	0	1	1
u62	panʧ	CVCC	PAL	0	1	0	0
u62	køʧ	CVC	PAL	0	0	1	0
u62	ʃɯrt	CVCC	COR	1	1	0	1
u10	vank	CVCC	DOR	0	1	0	0
u10	mesek	CVCVC	DOR	0	0	0	0
u10	bolk	CVCC	DOR	0	1	1	0
u10	nyrt	CVCC	COR	1	0	1	0
u10	ʤisip	CVCVC	LAB	1	0	0	0
u10	jot	CVC	COR	0	1	1	0
u10	gep	CVC	LAB	0	0	0	0
u10	hant	CVCC	COR	0	1	0	0
u10	ʧorut	CVCVC	COR	1	1	1	0
u10	pɯk	CVC	DOR	1	1	0	0
u10	ʤolt	CVCC	COR	0	1	1	0
u10	nønyk	CVCVC	DOR	1	0	1	1
u10	tatak	CVCVC	DOR	0	1	0	0
u10	zelt	CVCC	COR	0	0	0	0
u10	perik	CVCVC	DOR	1	0	0	0
u10	dunk	CVCC	DOR	1	1	1	0
u10	søt	CVC	COR	0	0	1	1
u10	mɯt	CVC	COR	1	1	0	0
u10	ʧint	CVCC	COR	1	0	0	0
u10	ʃyk	CVC	DOR	1	0	1	0
u10	gønt	CVCC	COR	0	0	1	0
u10	niket	CVCVC	COR	0	0	0	0
u10	jɯjap	CVCVC	LAB	0	1	0	0
u10	pet	CVC	COR	0	0	0	0
u10	zyp	CVC	LAB	1	0	1	0
u10	dyjyk	CVCVC	DOR	1	0	1	0
u10	telp	CVCC	LAB	0	0	0	0
u10	ʃɯrt	CVCC	COR	1	1	0	0
u10	munʧ	CVCC	PAL	1	1	1	0
u10	køʧ	CVC	PAL	0	0	1	0
u10	kunup	CVCVC	LAB	1	1	1	0
u10	nɯʧ	CVC	PAL	1	1	0	0
u10	solp	CVCC	LAB	0	1	1	0
u10	dap	CVC	LAB	0	1	0	0
u10	sønk	CVCC	DOR	0	0	1	0
u10	jiʧ	CVC	PAL	1	0	0	0
u10	zoruk	CVCVC	DOR	1	1	1	0
u10	bølyʧ	CVCVC	PAL	1	0	1	1
u10	tyryʧ	CVCVC	PAL	1	0	1	0
u10	tup	CVC	LAB	1	1	1	0
u10	nut	CVC	COR	1	1	1	1
u10	mok	CVC	DOR	0	1	1	0
u10	zik	CVC	DOR	1	0	0	0
u10	mujut	CVCVC	COR	1	1	1	0
u10	heveʧ	CVCVC	PAL	0	0	0	0
u10	nɯrk	CVCC	DOR	1	1	0	0
u10	poʧ	CVC	PAL	0	1	1	0
u10	maɯʧ	CVCVC	PAL	1	1	0	0
u10	pɯsɯt	CVCVC	COR	1	1	0	0
u10	tink	CVCC	DOR	1	0	0	0
u10	bunt	CVCC	COR	1	1	1	0
u10	panʧ	CVCC	PAL	0	1	0	0
u10	hit	CVC	COR	1	0	0	0
u10	sølyt	CVCVC	COR	1	0	1	0
u10	gojup	CVCVC	LAB	1	1	1	0
u10	høk	CVC	DOR	0	0	1	0
u10	ʤak	CVC	DOR	0	1	0	0
u10	jaat	CVCVC	COR	0	1	0	0
u10	banɯk	CVCVC	DOR	1	1	0	1
u10	jønʧ	CVCC	PAL	0	0	1	0
u10	fat	CVC	COR	0	1	0	0
u10	juluk	CVCVC	DOR	1	1	1	0
u10	ginʧ	CVCC	PAL	1	0	0	0
u10	gevit	CVCVC	COR	1	0	0	0
u10	helk	CVCC	DOR	0	0	0	0
u10	bynyt	CVCVC	COR	1	0	1	0
u10	vek	CVC	DOR	0	0	0	0
u10	pyrk	CVCC	DOR	1	0	1	0
u10	nuk	CVC	DOR	1	1	1	0
u10	kyrp	CVCC	LAB	1	0	1	0
u10	dɯrp	CVCC	LAB	1	1	0	0
u10	ʤyt	CVC	COR	1	0	1	0
u11	ʤisip	CVCVC	LAB	1	0	0	0
u11	telp	CVCC	LAB	0	0	0	0
u11	banɯk	CVCVC	DOR	1	1	0	1
u11	helk	CVCC	DOR	0	0	0	0
u11	søt	CVC	COR	0	0	1	0
u11	solp	CVCC	LAB	0	1	1	1
u11	ʃyk	CVC	DOR	1	0	1	0
u11	ʧint	CVCC	COR	1	0	0	0
u11	ʤyt	CVC	COR	1	0	1	0
u11	vank	CVCC	DOR	0	1	0	0
u11	fat	CVC	COR	0	1	0	0
u11	nɯrk	CVCC	DOR	1	1	0	0
u11	jot	CVC	COR	0	1	1	0
u11	mɯt	CVC	COR	1	1	0	0
u11	nut	CVC	COR	1	1	1	0
u11	høk	CVC	DOR	0	0	1	0
u11	poʧ	CVC	PAL	0	1	1	0
u11	jaat	CVCVC	COR	0	1	0	0
u11	pyrk	CVCC	DOR	1	0	1	0
u11	bunt	CVCC	COR	1	1	1	0
u11	dap	CVC	LAB	0	1	0	0
u11	mesek	CVCVC	DOR	0	0	0	0
u11	jønʧ	CVCC	PAL	0	0	1	1
u11	nɯʧ	CVC	PAL	1	1	0	0
u11	tink	CVCC	DOR	1	0	0	0
u11	køʧ	CVC	PAL	0	0	1	0
u11	heveʧ	CVCVC	PAL	0	0	0	1
u11	zoruk	CVCVC	DOR	1	1	1	0
u11	juluk	CVCVC	DOR	1	1	1	0
u11	tyryʧ	CVCVC	PAL	1	0	1	1
u11	nønyk	CVCVC	DOR	1	0	1	0
u11	sønk	CVCC	DOR	0	0	1	1
u11	zik	CVC	DOR	1	0	0	0
u11	tup	CVC	LAB	1	1	1	0
u11	pɯk	CVC	DOR	1	1	0	0
u11	pɯsɯt	CVCVC	COR	1	1	0	1
u11	ʃɯrt	CVCC	COR	1	1	0	0
u11	kunup	CVCVC	LAB	1	1	1	1
u11	ʤak	CVC	DOR	0	1	0	0
u11	nuk	CVC	DOR	1	1	1	1
u11	zelt	CVCC	COR	0	0	0	0
u11	mok	CVC	DOR	0	1	1	1
u11	pet	CVC	COR	0	0	0	1
u11	gevit	CVCVC	COR	1	0	0	0
u11	gep	CVC	LAB	0	0	0	1
u11	sølyt	CVCVC	COR	1	0	1	0
u11	ʧorut	CVCVC	COR	1	1	1	0
u11	maɯʧ	CVCVC	PAL	1	1	0	0
u11	tatak	CVCVC	DOR	0	1	0	0
u11	jiʧ	CVC	PAL	1	0	0	0
u11	dunk	CVCC	DOR	1	1	1	0
u11	perik	CVCVC	DOR	1	0	0	1
u11	kyrp	CVCC	LAB	1	0	1	0
u11	jɯjap	CVCVC	LAB	0	1	0	0
u11	bølyʧ	CVCVC	PAL	1	0	1	1
u11	dɯrp	CVCC	LAB	1	1	0	0
u11	ʤolt	CVCC	COR	0	1	1	1
u11	mujut	CVCVC	COR	1	1	1	1
u11	ginʧ	CVCC	PAL	1	0	0	1
u11	hant	CVCC	COR	0	1	0	0
u11	bynyt	CVCVC	COR	1	0	1	0
u11	dyjyk	CVCVC	DOR	1	0	1	0
u11	niket	CVCVC	COR	0	0	0	0
u11	hit	CVC	COR	1	0	0	0
u11	bolk	CVCC	DOR	0	1	1	0
u11	munʧ	CVCC	PAL	1	1	1	0
u11	panʧ	CVCC	PAL	0	1	0	1
u11	zyp	CVC	LAB	1	0	1	0
u11	gojup	CVCVC	LAB	1	1	1	0
u11	gønt	CVCC	COR	0	0	1	1
u11	nyrt	CVCC	COR	1	0	1	1
u11	vek	CVC	DOR	0	0	0	1
u64	munʧ	CVCC	PAL	1	1	1	1
u64	jaat	CVCVC	COR	0	1	0	1
u64	ʃɯrt	CVCC	COR	1	1	0	0
u64	hit	CVC	COR	1	0	0	0
u64	bunt	CVCC	COR	1	1	1	0
u64	ʤisip	CVCVC	LAB	1	0	0	1
u64	zelt	CVCC	COR	0	0	0	0
u64	nut	CVC	COR	1	1	1	1
u64	jot	CVC	COR	0	1	1	0
u64	hant	CVCC	COR	0	1	0	0
u64	perik	CVCVC	DOR	1	0	0	1
u64	fat	CVC	COR	0	1	0	0
u64	ginʧ	CVCC	PAL	1	0	0	1
u64	ʤolt	CVCC	COR	0	1	1	1
u64	kyrp	CVCC	LAB	1	0	1	1
u64	dɯrp	CVCC	LAB	1	1	0	1
u64	juluk	CVCVC	DOR	1	1	1	1
u64	mujut	CVCVC	COR	1	1	1	1
u64	jønʧ	CVCC	PAL	0	0	1	0
u64	sølyt	CVCVC	COR	1	0	1	0
u64	mɯt	CVC	COR	1	1	0	0
u64	bolk	CVCC	DOR	0	1	1	0
u64	telp	CVCC	LAB	0	0	0	1
u64	gep	CVC	LAB	0	0	0	1
u64	nønyk	CVCVC	DOR	1	0	1	1
u64	ʃyk	CVC	DOR	1	0	1	0
u64	nyrt	CVCC	COR	1	0	1	1
u64	ʤak	CVC	DOR	0	1	0	0
u64	gojup	CVCVC	LAB	1	1	1	0
u64	tink	CVCC	DOR	1	0	0	0
u64	nɯrk	CVCC	DOR	1	1	0	0
u64	pyrk	CVCC	DOR	1	0	1	0
u64	pet	CVC	COR	0	0	0	0
u64	sønk	CVCC	DOR	0	0	1	1
u64	zik	CVC	DOR	1	0	0	0
u64	bynyt	CVCVC	COR	1	0	1	1
u64	zyp	CVC	LAB	1	0	1	0
u64	solp	CVCC	LAB	0	1	1	1
u64	jiʧ	CVC	PAL	1	0	0	0
u64	nuk	CVC	DOR	1	1	1	0
u64	niket	CVCVC	COR	0	0	0	0
u64	vek	CVC	DOR	0	0	0	0
u64	jɯjap	CVCVC	LAB	0	1	0	1
u64	gønt	CVCC	COR	0	0	1	1
u64	ʧint	CVCC	COR	1	0	0	1
u64	pɯsɯt	CVCVC	COR	1	1	0	0
u64	helk	CVCC	DOR	0	0	0	0
u64	vank	CVCC	DOR	0	1	0	0
u64	panʧ	CVCC	PAL	0	1	0	0
u64	køʧ	CVC	PAL	0	0	1	0
u64	bølyʧ	CVCVC	PAL	1	0	1	0
u64	kunup	CVCVC	LAB	1	1	1	1
u64	tup	CVC	LAB	1	1	1	1
u64	nɯʧ	CVC	PAL	1	1	0	0
u64	høk	CVC	DOR	0	0	1	1
u64	zoruk	CVCVC	DOR	1	1	1	1
u64	mesek	CVCVC	DOR	0	0	0	1
u64	dyjyk	CVCVC	DOR	1	0	1	1
u64	mok	CVC	DOR	0	1	1	0
u64	gevit	CVCVC	COR	1	0	0	0
u64	maɯʧ	CVCVC	PAL	1	1	0	0
u64	tyryʧ	CVCVC	PAL	1	0	1	1
u64	dunk	CVCC	DOR	1	1	1	0
u64	søt	CVC	COR	0	0	1	0
u64	banɯk	CVCVC	DOR	1	1	0	1
u64	tatak	CVCVC	DOR	0	1	0	1
u64	poʧ	CVC	PAL	0	1	1	0
u64	heveʧ	CVCVC	PAL	0	0	0	1
u64	ʤyt	CVC	COR	1	0	1	1
u64	ʧorut	CVCVC	COR	1	1	1	1
u64	pɯk	CVC	DOR	1	1	0	0
u64	dap	CVC	LAB	0	1	0	1
u65	jɯjap	CVCVC	LAB	0	1	0	1
u65	pɯk	CVC	DOR	1	1	0	1
u65	ʤisip	CVCVC	LAB	1	0	0	0
u65	pɯsɯt	CVCVC	COR	1	1	0	0
u65	jiʧ	CVC	PAL	1	0	0	0
u65	banɯk	CVCVC	DOR	1	1	0	1
u65	jønʧ	CVCC	PAL	0	0	1	1
u65	ʧint	CVCC	COR	1	0	0	0
u65	søt	CVC	COR	0	0	1	0
u65	dyjyk	CVCVC	DOR	1	0	1	1
u65	helk	CVCC	DOR	0	0	0	0
u65	bølyʧ	CVCVC	PAL	1	0	1	1
u65	juluk	CVCVC	DOR	1	1	1	1
u65	ʃɯrt	CVCC	COR	1	1	0	0
u65	pyrk	CVCC	DOR	1	0	1	0
u65	perik	CVCVC	DOR	1	0	0	1
u65	niket	CVCVC	COR	0	0	0	0
u65	ʤolt	CVCC	COR	0	1	1	0
u65	jaat	CVCVC	COR	0	1	0	1
u65	maɯʧ	CVCVC	PAL	1	1	0	0
u65	sølyt	CVCVC	COR	1	0	1	1
u65	solp	CVCC	LAB	0	1	1	1
u65	telp	CVCC	LAB	0	0	0	1
u65	nɯrk	CVCC	DOR	1	1	0	1
u65	nuk	CVC	DOR	1	1	1	1
u65	fat	CVC	COR	0	1	0	0
u65	pet	CVC	COR	0	0	0	1
u65	tup	CVC	LAB	1	1	1	1
u65	ʤyt	CVC	COR	1	0	1	1
u65	ginʧ	CVCC	PAL	1	0	0	0
u65	hant	CVCC	COR	0	1	0	1
u65	nønyk	CVCVC	DOR	1	0	1	1
u65	heveʧ	CVCVC	PAL	0	0	0	1
u65	hit	CVC	COR	1	0	0	0
u65	kunup	CVCVC	LAB	1	1	1	1
u65	vank	CVCC	DOR	0	1	0	0
u65	køʧ	CVC	PAL	0	0	1	1
u65	bolk	CVCC	DOR	0	1	1	0
u65	mɯt	CVC	COR	1	1	0	1
u65	dɯrp	CVCC	LAB	1	1	0	1
u65	zik	CVC	DOR	1	0	0	0
u65	ʤak	CVC	DOR	0	1	0	0
u65	mok	CVC	DOR	0	1	1	0
u65	bunt	CVCC	COR	1	1	1	1
u65	gojup	CVCVC	LAB	1	1	1	0
u65	munʧ	CVCC	PAL	1	1	1	1
u65	ʧorut	CVCVC	COR	1	1	1	1
u65	tyryʧ	CVCVC	PAL	1	0	1	1
u65	kyrp	CVCC	LAB	1	0	1	0
u65	dap	CVC	LAB	0	1	0	1
u65	mujut	CVCVC	COR	1	1	1	1
u65	gønt	CVCC	COR	0	0	1	0
u65	zoruk	CVCVC	DOR	1	1	1	1
u65	jot	CVC	COR	0	1	1	1
u65	panʧ	CVCC	PAL	0	1	0	1
u65	nut	CVC	COR	1	1	1	1
u65	sønk	CVCC	DOR	0	0	1	0
u65	dunk	CVCC	DOR	1	1	1	0
u65	høk	CVC	DOR	0	0	1	0
u65	tink	CVCC	DOR	1	0	0	1
u65	zyp	CVC	LAB	1	0	1	0
u65	gevit	CVCVC	COR	1	0	0	1
u65	ʃyk	CVC	DOR	1	0	1	0
u65	mesek	CVCVC	DOR	0	0	0	1
u65	nɯʧ	CVC	PAL	1	1	0	1
u65	bynyt	CVCVC	COR	1	0	1	0
u65	gep	CVC	LAB	0	0	0	1
u65	tatak	CVCVC	DOR	0	1	0	1
u65	poʧ	CVC	PAL	0	1	1	0
u65	nyrt	CVCC	COR	1	0	1	1
u65	vek	CVC	DOR	0	0	0	0
u65	zelt	CVCC	COR	0	0	0	1
u66	telp	CVCC	LAB	0	0	0	1
u66	mesek	CVCVC	DOR	0	0	0	1
u66	ʧint	CVCC	COR	1	0	0	1
u66	maɯʧ	CVCVC	PAL	1	1	0	1
u66	pɯsɯt	CVCVC	COR	1	1	0	1
u66	nut	CVC	COR	1	1	1	0
u66	mɯt	CVC	COR	1	1	0	0
u66	helk	CVCC	DOR	0	0	0	0
u66	munʧ	CVCC	PAL	1	1	1	1
u66	køʧ	CVC	PAL	0	0	1	0
u66	kyrp	CVCC	LAB	1	0	1	1
u66	hant	CVCC	COR	0	1	0	1
u66	niket	CVCVC	COR	0	0	0	1
u66	bynyt	CVCVC	COR	1	0	1	1
u66	tink	CVCC	DOR	1	0	0	0
u66	gep	CVC	LAB	0	0	0	0
u66	zoruk	CVCVC	DOR	1	1	1	0
u66	pɯk	CVC	DOR	1	1	0	0
u66	panʧ	CVCC	PAL	0	1	0	1
u66	høk	CVC	DOR	0	0	1	1
u66	jiʧ	CVC	PAL	1	0	0	0
u66	jɯjap	CVCVC	LAB	0	1	0	0
u66	sønk	CVCC	DOR	0	0	1	0
u66	tatak	CVCVC	DOR	0	1	0	0
u66	perik	CVCVC	DOR	1	0	0	0
u66	vek	CVC	DOR	0	0	0	0
u66	poʧ	CVC	PAL	0	1	1	0
u66	bunt	CVCC	COR	1	1	1	0
u66	dyjyk	CVCVC	DOR	1	0	1	1
u66	dap	CVC	LAB	0	1	0	1
u66	kunup	CVCVC	LAB	1	1	1	1
u66	pyrk	CVCC	DOR	1	0	1	0
u66	gevit	CVCVC	COR	1	0	0	0
u66	ʤak	CVC	DOR	0	1	0	0
u66	heveʧ	CVCVC	PAL	0	0	0	0
u66	banɯk	CVCVC	DOR	1	1	0	1
u66	bolk	CVCC	DOR	0	1	1	0
u66	ʃyk	CVC	DOR	1	0	1	0
u66	ʧorut	CVCVC	COR	1	1	1	1
u66	zik	CVC	DOR	1	0	0	0
u66	zelt	CVCC	COR	0	0	0	0
u66	hit	CVC	COR	1	0	0	0
u66	mujut	CVCVC	COR	1	1	1	1
u66	pet	CVC	COR	0	0	0	1
u66	solp	CVCC	LAB	0	1	1	1
u66	ʤisip	CVCVC	LAB	1	0	0	0
u66	nɯʧ	CVC	PAL	1	1	0	0
u66	jaat	CVCVC	COR	0	1	0	1
u66	nɯrk	CVCC	DOR	1	1	0	1
u66	tup	CVC	LAB	1	1	1	1
u66	dunk	CVCC	DOR	1	1	1	0
u66	nønyk	CVCVC	DOR	1	0	1	1
u66	ʤolt	CVCC	COR	0	1	1	1
u66	zyp	CVC	LAB	1	0	1	1
u66	ʤyt	CVC	COR	1	0	1	0
u66	nuk	CVC	DOR	1	1	1	0
u66	nyrt	CVCC	COR	1	0	1	1
u66	vank	CVCC	DOR	0	1	0	1
u66	sølyt	CVCVC	COR	1	0	1	0
u66	ginʧ	CVCC	PAL	1	0	0	1
u66	dɯrp	CVCC	LAB	1	1	0	1
u66	fat	CVC	COR	0	1	0	1
u66	juluk	CVCVC	DOR	1	1	1	1
u66	ʃɯrt	CVCC	COR	1	1	0	1
u66	mok	CVC	DOR	0	1	1	1
u66	søt	CVC	COR	0	0	1	0
u66	gønt	CVCC	COR	0	0	1	1
u66	jot	CVC	COR	0	1	1	1
u66	tyryʧ	CVCVC	PAL	1	0	1	1
u66	gojup	CVCVC	LAB	1	1	1	1
u66	bølyʧ	CVCVC	PAL	1	0	1	1
u66	jønʧ	CVCC	PAL	0	0	1	1
u67	gojup	CVCVC	LAB	1	1	1	1
u67	hit	CVC	COR	1	0	0	1
u67	ʤyt	CVC	COR	1	0	1	0
u67	munʧ	CVCC	PAL	1	1	1	0
u67	vank	CVCC	DOR	0	1	0	0
u67	poʧ	CVC	PAL	0	1	1	1
u67	perik	CVCVC	DOR	1	0	0	1
u67	søt	CVC	COR	0	0	1	0
u67	dyjyk	CVCVC	DOR	1	0	1	1
u67	tup	CVC	LAB	1	1	1	0
u67	bolk	CVCC	DOR	0	1	1	0
u67	zelt	CVCC	COR	0	0	0	0
u67	nuk	CVC	DOR	1	1	1	0
u67	bynyt	CVCVC	COR	1	0	1	1
u67	panʧ	CVCC	PAL	0	1	0	1
u67	mujut	CVCVC	COR	1	1	1	0
u67	tatak	CVCVC	DOR	0	1	0	1
u67	kunup	CVCVC	LAB	1	1	1	1
u67	jɯjap	CVCVC	LAB	0	1	0	1
u67	ʤolt	CVCC	COR	0	1	1	0
u67	mok	CVC	DOR	0	1	1	0
u67	bunt	CVCC	COR	1	1	1	0
u67	pyrk	CVCC	DOR	1	0	1	0
u67	jaat	CVCVC	COR	0	1	0	0
u67	nɯrk	CVCC	DOR	1	1	0	0
u67	hant	CVCC	COR	0	1	0	1
u67	nut	CVC	COR	1	1	1	0
u67	sønk	CVCC	DOR	0	0	1	0
u67	zik	CVC	DOR	1	0	0	0
u67	køʧ	CVC	PAL	0	0	1	1
u67	kyrp	CVCC	LAB	1	0	1	1
u67	nɯʧ	CVC	PAL	1	1	0	0
u67	mɯt	CVC	COR	1	1	0	0
u67	maɯʧ	CVCVC	PAL	1	1	0	1
u67	nønyk	CVCVC	DOR	1	0	1	1
u67	gep	CVC	LAB	0	0	0	0
u67	zoruk	CVCVC	DOR	1	1	1	1
u67	gønt	CVCC	COR	0	0	1	0
u67	zyp	CVC	LAB	1	0	1	1
u67	ʧint	CVCC	COR	1	0	0	0
u67	banɯk	CVCVC	DOR	1	1	0	1
u67	bølyʧ	CVCVC	PAL	1	0	1	0
u67	tink	CVCC	DOR	1	0	0	0
u67	tyryʧ	CVCVC	PAL	1	0	1	0
u67	niket	CVCVC	COR	0	0	0	0
u67	fat	CVC	COR	0	1	0	1
u67	dap	CVC	LAB	0	1	0	1
u67	vek	CVC	DOR	0	0	0	1
u67	dunk	CVCC	DOR	1	1	1	0
u67	solp	CVCC	LAB	0	1	1	0
u67	helk	CVCC	DOR	0	0	0	0
u67	dɯrp	CVCC	LAB	1	1	0	0
u67	pɯk	CVC	DOR	1	1	0	0
u67	ginʧ	CVCC	PAL	1	0	0	0
u67	høk	CVC	DOR	0	0	1	1
u67	ʤak	CVC	DOR	0	1	0	0
u67	gevit	CVCVC	COR	1	0	0	0
u67	ʧorut	CVCVC	COR	1	1	1	0
u67	jønʧ	CVCC	PAL	0	0	1	1
u67	sølyt	CVCVC	COR	1	0	1	1
u67	mesek	CVCVC	DOR	0	0	0	1
u67	nyrt	CVCC	COR	1	0	1	0
u67	jot	CVC	COR	0	1	1	0
u67	pet	CVC	COR	0	0	0	0
u67	heveʧ	CVCVC	PAL	0	0	0	0
u67	pɯsɯt	CVCVC	COR	1	1	0	0
u67	juluk	CVCVC	DOR	1	1	1	1
u67	ʃɯrt	CVCC	COR	1	1	0	1
u67	telp	CVCC	LAB	0	0	0	0
u67	ʤisip	CVCVC	LAB	1	0	0	1
u67	ʃyk	CVC	DOR	1	0	1	0
u67	jiʧ	CVC	PAL	1	0	0	1
u69	jaat	CVCVC	COR	0	1	0	0
u69	bunt	CVCC	COR	1	1	1	1
u69	søt	CVC	COR	0	0	1	1
u69	ʃɯrt	CVCC	COR	1	1	0	1
u69	dɯrp	CVCC	LAB	1	1	0	1
u69	sølyt	CVCVC	COR	1	0	1	0
u69	zyp	CVC	LAB	1	0	1	0
u69	vek	CVC	DOR	0	0	0	0
u69	kyrp	CVCC	LAB	1	0	1	0
u69	hant	CVCC	COR	0	1	0	0
u69	kunup	CVCVC	LAB	1	1	1	1
u69	gønt	CVCC	COR	0	0	1	0
u69	tup	CVC	LAB	1	1	1	0
u69	pɯsɯt	CVCVC	COR	1	1	0	0
u69	jɯjap	CVCVC	LAB	0	1	0	0
u69	ginʧ	CVCC	PAL	1	0	0	1
u69	nɯʧ	CVC	PAL	1	1	0	1
u69	tink	CVCC	DOR	1	0	0	1
u69	heveʧ	CVCVC	PAL	0	0	0	1
u69	tyryʧ	CVCVC	PAL	1	0	1	1
u69	zik	CVC	DOR	1	0	0	0
u69	panʧ	CVCC	PAL	0	1	0	1
u69	zoruk	CVCVC	DOR	1	1	1	1
u69	ʤak	CVC	DOR	0	1	0	0
u69	mesek	CVCVC	DOR	0	0	0	1
u69	bynyt	CVCVC	COR	1	0	1	0
u69	tatak	CVCVC	DOR	0	1	0	1
u69	gojup	CVCVC	LAB	1	1	1	1
u69	niket	CVCVC	COR	0	0	0	0
u69	juluk	CVCVC	DOR	1	1	1	1
u69	gevit	CVCVC	COR	1	0	0	1
u69	ʃyk	CVC	DOR	1	0	1	0
u69	mɯt	CVC	COR	1	1	0	0
u69	køʧ	CVC	PAL	0	0	1	0
u69	ʤyt	CVC	COR	1	0	1	1
u69	dyjyk	CVCVC	DOR	1	0	1	1
u69	høk	CVC	DOR	0	0	1	0
u69	jiʧ	CVC	PAL	1	0	0	1
u69	mok	CVC	DOR	0	1	1	0
u69	pɯk	CVC	DOR	1	1	0	0
u69	nut	CVC	COR	1	1	1	0
u69	munʧ	CVCC	PAL	1	1	1	1
u69	ʤisip	CVCVC	LAB	1	0	0	0
u69	nønyk	CVCVC	DOR	1	0	1	1
u69	dap	CVC	LAB	0	1	0	0
u69	zelt	CVCC	COR	0	0	0	0
u69	vank	CVCC	DOR	0	1	0	0
u69	nɯrk	CVCC	DOR	1	1	0	0
u69	maɯʧ	CVCVC	PAL	1	1	0	0
u69	banɯk	CVCVC	DOR	1	1	0	1
u69	ʧorut	CVCVC	COR	1	1	1	0
u69	nyrt	CVCC	COR	1	0	1	0
u69	pyrk	CVCC	DOR	1	0	1	0
u69	telp	CVCC	LAB	0	0	0	0
u69	dunk	CVCC	DOR	1	1	1	0
u69	mujut	CVCVC	COR	1	1	1	1
u69	ʧint	CVCC	COR	1	0	0	1
u69	fat	CVC	COR	0	1	0	0
u69	solp	CVCC	LAB	0	1	1	0
u69	helk	CVCC	DOR	0	0	0	0
u69	bølyʧ	CVCVC	PAL	1	0	1	1
u69	jønʧ	CVCC	PAL	0	0	1	0
u69	ʤolt	CVCC	COR	0	1	1	0
u69	hit	CVC	COR	1	0	0	0
u69	jot	CVC	COR	0	1	1	0
u69	gep	CVC	LAB	0	0	0	0
u69	nuk	CVC	DOR	1	1	1	0
u69	bolk	CVCC	DOR	0	1	1	0
u69	poʧ	CVC	PAL	0	1	1	0
u69	pet	CVC	COR	0	0	0	0
u69	sønk	CVCC	DOR	0	0	1	0
u69	perik	CVCVC	DOR	1	0	0	1
u70	søt	CVC	COR	0	0	1	0
u70	fat	CVC	COR	0	1	0	0
u70	mɯt	CVC	COR	1	1	0	0
u70	hit	CVC	COR	1	0	0	0
u70	pet	CVC	COR	0	0	0	0
u70	nut	CVC	COR	1	1	1	1
u70	ʤyt	CVC	COR	1	0	1	1
u70	jot	CVC	COR	0	1	1	0
u70	ʧint	CVCC	COR	1	0	0	0
u70	ʃɯrt	CVCC	COR	1	1	0	1
u70	ʤolt	CVCC	COR	0	1	1	0
u70	gønt	CVCC	COR	0	0	1	1
u70	bunt	CVCC	COR	1	1	1	0
u70	nyrt	CVCC	COR	1	0	1	1
u70	zelt	CVCC	COR	0	0	0	0
u70	hant	CVCC	COR	0	1	0	1
u70	mujut	CVCVC	COR	1	1	1	1
u70	sølyt	CVCVC	COR	1	0	1	1
u70	bynyt	CVCVC	COR	1	0	1	1
u70	gevit	CVCVC	COR	1	0	0	0
u70	pɯsɯt	CVCVC	COR	1	1	0	1
u70	ʧorut	CVCVC	COR	1	1	1	1
u70	jaat	CVCVC	COR	0	1	0	0
u70	niket	CVCVC	COR	0	0	0	1
u70	høk	CVC	DOR	0	0	1	1
u70	zik	CVC	DOR	1	0	0	1
u70	nuk	CVC	DOR	1	1	1	1
u70	ʃyk	CVC	DOR	1	0	1	0
u70	mok	CVC	DOR	0	1	1	1
u70	pɯk	CVC	DOR	1	1	0	0
u70	ʤak	CVC	DOR	0	1	0	0
u70	vek	CVC	DOR	0	0	0	0
u70	helk	CVCC	DOR	0	0	0	0
u70	tink	CVCC	DOR	1	0	0	0
u70	pyrk	CVCC	DOR	1	0	1	0
u70	nɯrk	CVCC	DOR	1	1	0	0
u70	dunk	CVCC	DOR	1	1	1	0
u70	vank	CVCC	DOR	0	1	0	1
u70	sønk	CVCC	DOR	0	0	1	0
u70	bolk	CVCC	DOR	0	1	1	1
u70	juluk	CVCVC	DOR	1	1	1	1
u70	zoruk	CVCVC	DOR	1	1	1	1
u70	dyjyk	CVCVC	DOR	1	0	1	1
u70	mesek	CVCVC	DOR	0	0	0	1
u70	tatak	CVCVC	DOR	0	1	0	1
u70	perik	CVCVC	DOR	1	0	0	1
u70	banɯk	CVCVC	DOR	1	1	0	1
u70	nønyk	CVCVC	DOR	1	0	1	0
u70	zyp	CVC	LAB	1	0	1	0
u70	dap	CVC	LAB	0	1	0	0
u70	gep	CVC	LAB	0	0	0	0
u70	tup	CVC	LAB	1	1	1	1
u70	solp	CVCC	LAB	0	1	1	1
u70	dɯrp	CVCC	LAB	1	1	0	0
u70	telp	CVCC	LAB	0	0	0	0
u70	kyrp	CVCC	LAB	1	0	1	1
u70	kunup	CVCVC	LAB	1	1	1	1
u70	gojup	CVCVC	LAB	1	1	1	1
u70	ʤisip	CVCVC	LAB	1	0	0	1
u70	jɯjap	CVCVC	LAB	0	1	0	0
u70	køʧ	CVC	PAL	0	0	1	0
u70	nɯʧ	CVC	PAL	1	1	0	0
u70	poʧ	CVC	PAL	0	1	1	0
u70	jiʧ	CVC	PAL	1	0	0	0
u70	panʧ	CVCC	PAL	0	1	0	0
u70	jønʧ	CVCC	PAL	0	0	1	0
u70	munʧ	CVCC	PAL	1	1	1	1
u70	ginʧ	CVCC	PAL	1	0	0	0
u70	maɯʧ	CVCVC	PAL	1	1	0	0
u70	tyryʧ	CVCVC	PAL	1	0	1	1
u70	heveʧ	CVCVC	PAL	0	0	0	0
u70	bølyʧ	CVCVC	PAL	1	0	1	1
u72	vek	CVC	DOR	0	0	0	0
u72	gep	CVC	LAB	0	0	0	1
u72	pyrk	CVCC	DOR	1	0	1	0
u72	gojup	CVCVC	LAB	1	1	1	0
u72	ʧorut	CVCVC	COR	1	1	1	0
u72	jot	CVC	COR	0	1	1	0
u72	nønyk	CVCVC	DOR	1	0	1	1
u72	kunup	CVCVC	LAB	1	1	1	1
u72	dɯrp	CVCC	LAB	1	1	0	1
u72	sønk	CVCC	DOR	0	0	1	0
u72	nut	CVC	COR	1	1	1	0
u72	nyrt	CVCC	COR	1	0	1	0
u72	mesek	CVCVC	DOR	0	0	0	1
u72	gevit	CVCVC	COR	1	0	0	0
u72	ʤyt	CVC	COR	1	0	1	1
u72	pɯk	CVC	DOR	1	1	0	0
u72	tatak	CVCVC	DOR	0	1	0	1
u72	zoruk	CVCVC	DOR	1	1	1	0
u72	mɯt	CVC	COR	1	1	0	0
u72	ʤak	CVC	DOR	0	1	0	0
u72	helk	CVCC	DOR	0	0	0	0
u72	pet	CVC	COR	0	0	0	1
u72	gønt	CVCC	COR	0	0	1	0
u72	bunt	CVCC	COR	1	1	1	0
u72	bynyt	CVCVC	COR	1	0	1	1
u72	solp	CVCC	LAB	0	1	1	0
u72	hant	CVCC	COR	0	1	0	0
u72	sølyt	CVCVC	COR	1	0	1	1
u72	ʃɯrt	CVCC	COR	1	1	0	0
u72	banɯk	CVCVC	DOR	1	1	0	0
u72	zik	CVC	DOR	1	0	0	0
u72	ʃyk	CVC	DOR	1	0	1	0
u72	poʧ	CVC	PAL	0	1	1	0
u72	ʤolt	CVCC	COR	0	1	1	0
u72	høk	CVC	DOR	0	0	1	0
u72	hit	CVC	COR	1	0	0	0
u72	søt	CVC	COR	0	0	1	0
u72	pɯsɯt	CVCVC	COR	1	1	0	0
u72	jɯjap	CVCVC	LAB	0	1	0	1
u72	tyryʧ	CVCVC	PAL	1	0	1	1
u72	mok	CVC	DOR	0	1	1	0
u72	zelt	CVCC	COR	0	0	0	0
u72	dyjyk	CVCVC	DOR	1	0	1	0
u72	jønʧ	CVCC	PAL	0	0	1	0
u72	mujut	CVCVC	COR	1	1	1	0
u72	fat	CVC	COR	0	1	0	0
u72	bolk	CVCC	DOR	0	1	1	0
u72	juluk	CVCVC	DOR	1	1	1	0
u72	nuk	CVC	DOR	1	1	1	0
u72	dap	CVC	LAB	0	1	0	1
u72	dunk	CVCC	DOR	1	1	1	0
u72	ʤisip	CVCVC	LAB	1	0	0	0
u72	tup	CVC	LAB	1	1	1	1
u72	zyp	CVC	LAB	1	0	1	0
u72	telp	CVCC	LAB	0	0	0	1
u72	vank	CVCC	DOR	0	1	0	0
u72	panʧ	CVCC	PAL	0	1	0	0
u72	ʧint	CVCC	COR	1	0	0	0
u72	munʧ	CVCC	PAL	1	1	1	1
u72	ginʧ	CVCC	PAL	1	0	0	1
u72	tink	CVCC	DOR	1	0	0	1
u72	nɯʧ	CVC	PAL	1	1	0	1
u72	niket	CVCVC	COR	0	0	0	0
u72	perik	CVCVC	DOR	1	0	0	1
u72	køʧ	CVC	PAL	0	0	1	0
u72	jaat	CVCVC	COR	0	1	0	1
u72	nɯrk	CVCC	DOR	1	1	0	1
u72	kyrp	CVCC	LAB	1	0	1	1
u72	bølyʧ	CVCVC	PAL	1	0	1	1
u72	heveʧ	CVCVC	PAL	0	0	0	1
u72	jiʧ	CVC	PAL	1	0	0	0
u72	maɯʧ	CVCVC	PAL	1	1	0	1
u77	zyp	CVC	LAB	1	0	1	0
u77	helk	CVCC	DOR	0	0	0	0
u77	bolk	CVCC	DOR	0	1	1	1
u77	bunt	CVCC	COR	1	1	1	1
u77	ʤisip	CVCVC	LAB	1	0	0	1
u77	høk	CVC	DOR	0	0	1	1
u77	perik	CVCVC	DOR	1	0	0	1
u77	zoruk	CVCVC	DOR	1	1	1	1
u77	solp	CVCC	LAB	0	1	1	1
u77	jɯjap	CVCVC	LAB	0	1	0	1
u77	nuk	CVC	DOR	1	1	1	1
u77	mɯt	CVC	COR	1	1	0	1
u77	bynyt	CVCVC	COR	1	0	1	1
u77	poʧ	CVC	PAL	0	1	1	0
u77	ʧint	CVCC	COR	1	0	0	1
u77	pyrk	CVCC	DOR	1	0	1	0
u77	juluk	CVCVC	DOR	1	1	1	1
u77	nønyk	CVCVC	DOR	1	0	1	1
u77	sønk	CVCC	DOR	0	0	1	1
u77	tyryʧ	CVCVC	PAL	1	0	1	1
u77	nyrt	CVCC	COR	1	0	1	1
u77	fat	CVC	COR	0	1	0	1
u77	tup	CVC	LAB	1	1	1	1
u77	nɯʧ	CVC	PAL	1	1	0	0
u77	nut	CVC	COR	1	1	1	1
u77	vank	CVCC	DOR	0	1	0	0
u77	hant	CVCC	COR	0	1	0	1
u77	mesek	CVCVC	DOR	0	0	0	1
u77	sølyt	CVCVC	COR	1	0	1	1
u77	zik	CVC	DOR	1	0	0	0
u77	jot	CVC	COR	0	1	1	1
u77	jiʧ	CVC	PAL	1	0	0	0
u77	tink	CVCC	DOR	1	0	0	0
u77	gønt	CVCC	COR	0	0	1	1
u77	køʧ	CVC	PAL	0	0	1	0
u77	heveʧ	CVCVC	PAL	0	0	0	0
u77	ʃyk	CVC	DOR	1	0	1	0
u77	kunup	CVCVC	LAB	1	1	1	1
u77	ʤolt	CVCC	COR	0	1	1	1
u77	dyjyk	CVCVC	DOR	1	0	1	1
u77	zelt	CVCC	COR	0	0	0	1
u77	ginʧ	CVCC	PAL	1	0	0	1
u77	banɯk	CVCVC	DOR	1	1	0	1
u77	søt	CVC	COR	0	0	1	1
u77	gevit	CVCVC	COR	1	0	0	1
u77	ʧorut	CVCVC	COR	1	1	1	1
u77	mok	CVC	DOR	0	1	1	1
u77	munʧ	CVCC	PAL	1	1	1	1
u77	ʤak	CVC	DOR	0	1	0	0
u77	pɯsɯt	CVCVC	COR	1	1	0	1
u77	hit	CVC	COR	1	0	0	1
u77	ʤyt	CVC	COR	1	0	1	0
u77	kyrp	CVCC	LAB	1	0	1	1
u77	tatak	CVCVC	DOR	0	1	0	1
u77	dunk	CVCC	DOR	1	1	1	1
u77	jaat	CVCVC	COR	0	1	0	1
u77	gojup	CVCVC	LAB	1	1	1	1
u77	dap	CVC	LAB	0	1	0	0
u77	pet	CVC	COR	0	0	0	0
u77	dɯrp	CVCC	LAB	1	1	0	1
u77	nɯrk	CVCC	DOR	1	1	0	0
u77	ʃɯrt	CVCC	COR	1	1	0	1
u77	maɯʧ	CVCVC	PAL	1	1	0	1
u77	mujut	CVCVC	COR	1	1	1	1
u77	gep	CVC	LAB	0	0	0	0
u77	niket	CVCVC	COR	0	0	0	1
u77	jønʧ	CVCC	PAL	0	0	1	1
u77	vek	CVC	DOR	0	0	0	0
u77	bølyʧ	CVCVC	PAL	1	0	1	0
u77	pɯk	CVC	DOR	1	1	0	1
u77	telp	CVCC	LAB	0	0	0	1
u77	panʧ	CVCC	PAL	0	1	0	1
u76	jot	CVC	COR	0	1	1	1
u76	pet	CVC	COR	0	0	0	0
u76	juluk	CVCVC	DOR	1	1	1	1
u76	mɯt	CVC	COR	1	1	0	0
u76	zik	CVC	DOR	1	0	0	0
u76	ʃɯrt	CVCC	COR	1	1	0	0
u76	zelt	CVCC	COR	0	0	0	1
u76	nɯrk	CVCC	DOR	1	1	0	0
u76	køʧ	CVC	PAL	0	0	1	0
u76	mujut	CVCVC	COR	1	1	1	1
u76	nønyk	CVCVC	DOR	1	0	1	1
u76	zoruk	CVCVC	DOR	1	1	1	1
u76	nut	CVC	COR	1	1	1	0
u76	tatak	CVCVC	DOR	0	1	0	1
u76	hant	CVCC	COR	0	1	0	1
u76	søt	CVC	COR	0	0	1	1
u76	fat	CVC	COR	0	1	0	0
u76	gevit	CVCVC	COR	1	0	0	0
u76	jɯjap	CVCVC	LAB	0	1	0	1
u76	dunk	CVCC	DOR	1	1	1	1
u76	heveʧ	CVCVC	PAL	0	0	0	1
u76	pɯsɯt	CVCVC	COR	1	1	0	1
u76	gep	CVC	LAB	0	0	0	1
u76	nyrt	CVCC	COR	1	0	1	0
u76	kyrp	CVCC	LAB	1	0	1	1
u76	jaat	CVCVC	COR	0	1	0	1
u76	gojup	CVCVC	LAB	1	1	1	1
u76	tup	CVC	LAB	1	1	1	1
u76	bunt	CVCC	COR	1	1	1	0
u76	bynyt	CVCVC	COR	1	0	1	0
u76	ʧint	CVCC	COR	1	0	0	0
u76	tyryʧ	CVCVC	PAL	1	0	1	0
u76	jiʧ	CVC	PAL	1	0	0	0
u76	vank	CVCC	DOR	0	1	0	0
u76	munʧ	CVCC	PAL	1	1	1	1
u76	vek	CVC	DOR	0	0	0	0
u76	dap	CVC	LAB	0	1	0	0
u76	ʤak	CVC	DOR	0	1	0	0
u76	solp	CVCC	LAB	0	1	1	0
u76	mok	CVC	DOR	0	1	1	1
u76	nɯʧ	CVC	PAL	1	1	0	0
u76	høk	CVC	DOR	0	0	1	0
u76	niket	CVCVC	COR	0	0	0	0
u76	bølyʧ	CVCVC	PAL	1	0	1	1
u76	sønk	CVCC	DOR	0	0	1	1
u76	ʤolt	CVCC	COR	0	1	1	0
u76	nuk	CVC	DOR	1	1	1	0
u76	bolk	CVCC	DOR	0	1	1	0
u76	pyrk	CVCC	DOR	1	0	1	0
u76	sølyt	CVCVC	COR	1	0	1	1
u76	kunup	CVCVC	LAB	1	1	1	0
u76	banɯk	CVCVC	DOR	1	1	0	1
u76	gønt	CVCC	COR	0	0	1	0
u76	dyjyk	CVCVC	DOR	1	0	1	1
u76	pɯk	CVC	DOR	1	1	0	0
u76	ʤyt	CVC	COR	1	0	1	0
u76	hit	CVC	COR	1	0	0	0
u76	maɯʧ	CVCVC	PAL	1	1	0	0
u76	telp	CVCC	LAB	0	0	0	1
u76	ʃyk	CVC	DOR	1	0	1	1
u76	panʧ	CVCC	PAL	0	1	0	1
u76	jønʧ	CVCC	PAL	0	0	1	1
u76	ginʧ	CVCC	PAL	1	0	0	1
u76	dɯrp	CVCC	LAB	1	1	0	0
u76	mesek	CVCVC	DOR	0	0	0	1
u76	perik	CVCVC	DOR	1	0	0	1
u76	zyp	CVC	LAB	1	0	1	1
u76	poʧ	CVC	PAL	0	1	1	0
u76	tink	CVCC	DOR	1	0	0	1
u76	ʧorut	CVCVC	COR	1	1	1	0
u76	helk	CVCC	DOR	0	0	0	0
u76	ʤisip	CVCVC	LAB	1	0	0	0
u74	nɯʧ	CVC	PAL	1	1	0	0
u74	dɯrp	CVCC	LAB	1	1	0	0
u74	høk	CVC	DOR	0	0	1	0
u74	pyrk	CVCC	DOR	1	0	1	0
u74	mɯt	CVC	COR	1	1	0	0
u74	zyp	CVC	LAB	1	0	1	0
u74	vank	CVCC	DOR	0	1	0	0
u74	nɯrk	CVCC	DOR	1	1	0	0
u74	tink	CVCC	DOR	1	0	0	1
u74	zik	CVC	DOR	1	0	0	0
u74	ginʧ	CVCC	PAL	1	0	0	1
u74	bolk	CVCC	DOR	0	1	1	0
u74	fat	CVC	COR	0	1	0	0
u74	poʧ	CVC	PAL	0	1	1	0
u74	gojup	CVCVC	LAB	1	1	1	1
u74	nyrt	CVCC	COR	1	0	1	1
u74	bølyʧ	CVCVC	PAL	1	0	1	1
u74	solp	CVCC	LAB	0	1	1	1
u74	perik	CVCVC	DOR	1	0	0	0
u74	vek	CVC	DOR	0	0	0	0
u74	søt	CVC	COR	0	0	1	1
u74	jaat	CVCVC	COR	0	1	0	0
u74	gevit	CVCVC	COR	1	0	0	1
u74	munʧ	CVCC	PAL	1	1	1	0
u74	gønt	CVCC	COR	0	0	1	1
u74	bunt	CVCC	COR	1	1	1	1
u74	sønk	CVCC	DOR	0	0	1	1
u74	ʧint	CVCC	COR	1	0	0	0
u74	pɯk	CVC	DOR	1	1	0	0
u74	zelt	CVCC	COR	0	0	0	1
u74	nuk	CVC	DOR	1	1	1	1
u74	helk	CVCC	DOR	0	0	0	0
u74	hant	CVCC	COR	0	1	0	1
u74	hit	CVC	COR	1	0	0	0
u74	ʤolt	CVCC	COR	0	1	1	0
u74	dyjyk	CVCVC	DOR	1	0	1	0
u74	mok	CVC	DOR	0	1	1	0
u74	gep	CVC	LAB	0	0	0	1
u74	pɯsɯt	CVCVC	COR	1	1	0	0
u74	telp	CVCC	LAB	0	0	0	1
u74	ʃɯrt	CVCC	COR	1	1	0	1
u74	ʃyk	CVC	DOR	1	0	1	0
u74	nut	CVC	COR	1	1	1	0
u74	banɯk	CVCVC	DOR	1	1	0	1
u74	tup	CVC	LAB	1	1	1	0
u74	jot	CVC	COR	0	1	1	1
u74	ʧorut	CVCVC	COR	1	1	1	0
u74	ʤyt	CVC	COR	1	0	1	0
u74	ʤisip	CVCVC	LAB	1	0	0	0
u74	heveʧ	CVCVC	PAL	0	0	0	0
u74	tatak	CVCVC	DOR	0	1	0	1
u74	jønʧ	CVCC	PAL	0	0	1	1
u74	jɯjap	CVCVC	LAB	0	1	0	1
u74	tyryʧ	CVCVC	PAL	1	0	1	1
u74	juluk	CVCVC	DOR	1	1	1	1
u74	ʤak	CVC	DOR	0	1	0	0
u74	køʧ	CVC	PAL	0	0	1	0
u74	kunup	CVCVC	LAB	1	1	1	1
u74	dap	CVC	LAB	0	1	0	1
u74	mesek	CVCVC	DOR	0	0	0	1
u74	nønyk	CVCVC	DOR	1	0	1	1
u74	pet	CVC	COR	0	0	0	1
u74	dunk	CVCC	DOR	1	1	1	0
u74	maɯʧ	CVCVC	PAL	1	1	0	1
u74	panʧ	CVCC	PAL	0	1	0	1
u74	bynyt	CVCVC	COR	1	0	1	1
u74	sølyt	CVCVC	COR	1	0	1	0
u74	kyrp	CVCC	LAB	1	0	1	1
u74	jiʧ	CVC	PAL	1	0	0	1
u74	niket	CVCVC	COR	0	0	0	0
u74	zoruk	CVCVC	DOR	1	1	1	1
u74	mujut	CVCVC	COR	1	1	1	1
u75	hit	CVC	COR	1	0	0	1
u75	søt	CVC	COR	0	0	1	0
u75	pet	CVC	COR	0	0	0	0
u75	ʤyt	CVC	COR	1	0	1	0
u75	mɯt	CVC	COR	1	1	0	0
u75	nut	CVC	COR	1	1	1	0
u75	jot	CVC	COR	0	1	1	0
u75	fat	CVC	COR	0	1	0	0
u75	høk	CVC	DOR	0	0	1	0
u75	mok	CVC	DOR	0	1	1	0
u75	vek	CVC	DOR	0	0	0	0
u75	pɯk	CVC	DOR	1	1	0	1
u75	ʤak	CVC	DOR	0	1	0	1
u75	ʃyk	CVC	DOR	1	0	1	1
u75	zik	CVC	DOR	1	0	0	0
u75	nuk	CVC	DOR	1	1	1	0
u75	tup	CVC	LAB	1	1	1	0
u75	dap	CVC	LAB	0	1	0	1
u75	zyp	CVC	LAB	1	0	1	1
u75	gep	CVC	LAB	0	0	0	1
u75	nɯʧ	CVC	PAL	1	1	0	0
u75	jiʧ	CVC	PAL	1	0	0	0
u75	køʧ	CVC	PAL	0	0	1	1
u75	poʧ	CVC	PAL	0	1	1	0
u75	gønt	CVCC	COR	0	0	1	0
u75	nyrt	CVCC	COR	1	0	1	0
u75	bunt	CVCC	COR	1	1	1	0
u75	ʤolt	CVCC	COR	0	1	1	0
u75	hant	CVCC	COR	0	1	0	0
u75	ʧint	CVCC	COR	1	0	0	0
u75	ʃɯrt	CVCC	COR	1	1	0	0
u75	zelt	CVCC	COR	0	0	0	0
u75	nɯrk	CVCC	DOR	1	1	0	0
u75	sønk	CVCC	DOR	0	0	1	1
u75	pyrk	CVCC	DOR	1	0	1	0
u75	dunk	CVCC	DOR	1	1	1	1
u75	tink	CVCC	DOR	1	0	0	0
u75	helk	CVCC	DOR	0	0	0	0
u75	vank	CVCC	DOR	0	1	0	1
u75	bolk	CVCC	DOR	0	1	1	0
u75	dɯrp	CVCC	LAB	1	1	0	1
u75	solp	CVCC	LAB	0	1	1	1
u75	kyrp	CVCC	LAB	1	0	1	0
u75	telp	CVCC	LAB	0	0	0	0
u75	ginʧ	CVCC	PAL	1	0	0	0
u75	jønʧ	CVCC	PAL	0	0	1	0
u75	munʧ	CVCC	PAL	1	1	1	1
u75	panʧ	CVCC	PAL	0	1	0	0
u75	pɯsɯt	CVCVC	COR	1	1	0	0
u75	ʧorut	CVCVC	COR	1	1	1	0
u75	jaat	CVCVC	COR	0	1	0	0
u75	sølyt	CVCVC	COR	1	0	1	1
u75	bynyt	CVCVC	COR	1	0	1	1
u75	niket	CVCVC	COR	0	0	0	0
u75	gevit	CVCVC	COR	1	0	0	0
u75	mujut	CVCVC	COR	1	1	1	0
u75	tatak	CVCVC	DOR	0	1	0	1
u75	zoruk	CVCVC	DOR	1	1	1	1
u75	dyjyk	CVCVC	DOR	1	0	1	1
u75	nønyk	CVCVC	DOR	1	0	1	1
u75	banɯk	CVCVC	DOR	1	1	0	1
u75	perik	CVCVC	DOR	1	0	0	1
u75	juluk	CVCVC	DOR	1	1	1	0
u75	mesek	CVCVC	DOR	0	0	0	1
u75	jɯjap	CVCVC	LAB	0	1	0	0
u75	kunup	CVCVC	LAB	1	1	1	1
u75	gojup	CVCVC	LAB	1	1	1	1
u75	ʤisip	CVCVC	LAB	1	0	0	1
u75	tyryʧ	CVCVC	PAL	1	0	1	1
u75	heveʧ	CVCVC	PAL	0	0	0	0
u75	maɯʧ	CVCVC	PAL	1	1	0	0
u75	bølyʧ	CVCVC	PAL	1	0	1	1
u78	fat	CVC	COR	0	1	0	1
u78	pɯsɯt	CVCVC	COR	1	1	0	1
u78	gojup	CVCVC	LAB	1	1	1	1
u78	søt	CVC	COR	0	0	1	1
u78	dunk	CVCC	DOR	1	1	1	1
u78	helk	CVCC	DOR	0	0	0	1
u78	juluk	CVCVC	DOR	1	1	1	1
u78	nuk	CVC	DOR	1	1	1	1
u78	munʧ	CVCC	PAL	1	1	1	1
u78	ʃyk	CVC	DOR	1	0	1	1
u78	niket	CVCVC	COR	0	0	0	0
u78	zoruk	CVCVC	DOR	1	1	1	1
u78	dɯrp	CVCC	LAB	1	1	0	1
u78	vank	CVCC	DOR	0	1	0	1
u78	bolk	CVCC	DOR	0	1	1	1
u78	bølyʧ	CVCVC	PAL	1	0	1	0
u78	sønk	CVCC	DOR	0	0	1	1
u78	bunt	CVCC	COR	1	1	1	1
u78	sølyt	CVCVC	COR	1	0	1	1
u78	gønt	CVCC	COR	0	0	1	1
u78	banɯk	CVCVC	DOR	1	1	0	1
u78	jiʧ	CVC	PAL	1	0	0	1
u78	kunup	CVCVC	LAB	1	1	1	1
u78	telp	CVCC	LAB	0	0	0	1
u78	nɯʧ	CVC	PAL	1	1	0	1
u78	køʧ	CVC	PAL	0	0	1	1
u78	ʃɯrt	CVCC	COR	1	1	0	0
u78	ʧorut	CVCVC	COR	1	1	1	1
u78	maɯʧ	CVCVC	PAL	1	1	0	1
u78	jønʧ	CVCC	PAL	0	0	1	0
u78	solp	CVCC	LAB	0	1	1	1
u78	mesek	CVCVC	DOR	0	0	0	1
u78	jot	CVC	COR	0	1	1	1
u78	nɯrk	CVCC	DOR	1	1	0	1
u78	zik	CVC	DOR	1	0	0	1
u78	tup	CVC	LAB	1	1	1	1
u78	mok	CVC	DOR	0	1	1	1
u78	jaat	CVCVC	COR	0	1	0	1
u78	mujut	CVCVC	COR	1	1	1	1
u78	jɯjap	CVCVC	LAB	0	1	0	1
u78	ʧint	CVCC	COR	1	0	0	1
u78	vek	CVC	DOR	0	0	0	1
u78	ʤak	CVC	DOR	0	1	0	1
u78	nønyk	CVCVC	DOR	1	0	1	1
u78	gep	CVC	LAB	0	0	0	1
u78	tyryʧ	CVCVC	PAL	1	0	1	1
u78	dap	CVC	LAB	0	1	0	1
u78	pɯk	CVC	DOR	1	1	0	1
u78	pet	CVC	COR	0	0	0	1
u78	ʤisip	CVCVC	LAB	1	0	0	1
u78	høk	CVC	DOR	0	0	1	1
u78	nut	CVC	COR	1	1	1	1
u78	nyrt	CVCC	COR	1	0	1	1
u78	gevit	CVCVC	COR	1	0	0	1
u78	kyrp	CVCC	LAB	1	0	1	1
u78	perik	CVCVC	DOR	1	0	0	1
u78	hant	CVCC	COR	0	1	0	1
u78	heveʧ	CVCVC	PAL	0	0	0	1
u78	ʤyt	CVC	COR	1	0	1	1
u78	ginʧ	CVCC	PAL	1	0	0	1
u78	tatak	CVCVC	DOR	0	1	0	1
u78	mɯt	CVC	COR	1	1	0	1
u78	poʧ	CVC	PAL	0	1	1	1
u78	dyjyk	CVCVC	DOR	1	0	1	1
u78	hit	CVC	COR	1	0	0	1
u78	panʧ	CVCC	PAL	0	1	0	1
u78	tink	CVCC	DOR	1	0	0	1
u78	bynyt	CVCVC	COR	1	0	1	1
u78	zyp	CVC	LAB	1	0	1	1
u78	ʤolt	CVCC	COR	0	1	1	0
u78	pyrk	CVCC	DOR	1	0	1	1
u78	zelt	CVCC	COR	0	0	0	1
u81	ʃɯrt	CVCC	COR	1	1	0	1
u81	pet	CVC	COR	0	0	0	1
u81	dɯrp	CVCC	LAB	1	1	0	0
u81	telp	CVCC	LAB	0	0	0	1
u81	nyrt	CVCC	COR	1	0	1	1
u81	gønt	CVCC	COR	0	0	1	1
u81	ʤyt	CVC	COR	1	0	1	1
u81	gojup	CVCVC	LAB	1	1	1	1
u81	nɯʧ	CVC	PAL	1	1	0	1
u81	heveʧ	CVCVC	PAL	0	0	0	1
u81	ʃyk	CVC	DOR	1	0	1	1
u81	høk	CVC	DOR	0	0	1	1
u81	nuk	CVC	DOR	1	1	1	0
u81	jɯjap	CVCVC	LAB	0	1	0	1
u81	hit	CVC	COR	1	0	0	0
u81	tatak	CVCVC	DOR	0	1	0	1
u81	bynyt	CVCVC	COR	1	0	1	1
u81	vank	CVCC	DOR	0	1	0	1
u81	dunk	CVCC	DOR	1	1	1	1
u81	munʧ	CVCC	PAL	1	1	1	1
u81	helk	CVCC	DOR	0	0	0	0
u81	ʧint	CVCC	COR	1	0	0	0
u81	tup	CVC	LAB	1	1	1	1
u81	søt	CVC	COR	0	0	1	1
u81	zelt	CVCC	COR	0	0	0	1
u81	ʤisip	CVCVC	LAB	1	0	0	1
u81	sønk	CVCC	DOR	0	0	1	1
u81	hant	CVCC	COR	0	1	0	0
u81	jønʧ	CVCC	PAL	0	0	1	1
u81	mesek	CVCVC	DOR	0	0	0	1
u81	niket	CVCVC	COR	0	0	0	0
u81	bolk	CVCC	DOR	0	1	1	0
u81	pɯsɯt	CVCVC	COR	1	1	0	1
u81	banɯk	CVCVC	DOR	1	1	0	1
u81	zoruk	CVCVC	DOR	1	1	1	0
u81	zyp	CVC	LAB	1	0	1	1
u81	panʧ	CVCC	PAL	0	1	0	1
u81	perik	CVCVC	DOR	1	0	0	1
u81	dap	CVC	LAB	0	1	0	1
u81	zik	CVC	DOR	1	0	0	1
u81	tyryʧ	CVCVC	PAL	1	0	1	1
u81	jiʧ	CVC	PAL	1	0	0	1
u81	ʧorut	CVCVC	COR	1	1	1	0
u81	poʧ	CVC	PAL	0	1	1	1
u81	pɯk	CVC	DOR	1	1	0	0
u81	nɯrk	CVCC	DOR	1	1	0	1
u81	gevit	CVCVC	COR	1	0	0	0
u81	nønyk	CVCVC	DOR	1	0	1	1
u81	bunt	CVCC	COR	1	1	1	0
u81	vek	CVC	DOR	0	0	0	1
u81	sølyt	CVCVC	COR	1	0	1	1
u81	nut	CVC	COR	1	1	1	0
u81	ʤolt	CVCC	COR	0	1	1	0
u81	jaat	CVCVC	COR	0	1	0	1
u81	pyrk	CVCC	DOR	1	0	1	0
u81	mɯt	CVC	COR	1	1	0	0
u81	ginʧ	CVCC	PAL	1	0	0	1
u81	fat	CVC	COR	0	1	0	0
u81	ʤak	CVC	DOR	0	1	0	1
u81	gep	CVC	LAB	0	0	0	1
u81	tink	CVCC	DOR	1	0	0	1
u81	dyjyk	CVCVC	DOR	1	0	1	1
u81	solp	CVCC	LAB	0	1	1	1
u81	kyrp	CVCC	LAB	1	0	1	1
u81	maɯʧ	CVCVC	PAL	1	1	0	1
u81	mok	CVC	DOR	0	1	1	0
u81	køʧ	CVC	PAL	0	0	1	1
u81	jot	CVC	COR	0	1	1	0
u81	mujut	CVCVC	COR	1	1	1	1
u81	juluk	CVCVC	DOR	1	1	1	0
u81	kunup	CVCVC	LAB	1	1	1	1
u81	bølyʧ	CVCVC	PAL	1	0	1	0
u82	vek	CVC	DOR	0	0	0	0
u82	sølyt	CVCVC	COR	1	0	1	0
u82	tatak	CVCVC	DOR	0	1	0	1
u82	zelt	CVCC	COR	0	0	0	0
u82	bølyʧ	CVCVC	PAL	1	0	1	1
u82	ginʧ	CVCC	PAL	1	0	0	1
u82	mesek	CVCVC	DOR	0	0	0	1
u82	munʧ	CVCC	PAL	1	1	1	1
u82	kunup	CVCVC	LAB	1	1	1	1
u82	heveʧ	CVCVC	PAL	0	0	0	1
u82	mok	CVC	DOR	0	1	1	0
u82	nɯrk	CVCC	DOR	1	1	0	1
u82	ʤolt	CVCC	COR	0	1	1	1
u82	jɯjap	CVCVC	LAB	0	1	0	1
u82	bolk	CVCC	DOR	0	1	1	1
u82	nɯʧ	CVC	PAL	1	1	0	1
u82	ʤisip	CVCVC	LAB	1	0	0	1
u82	jønʧ	CVCC	PAL	0	0	1	1
u82	sønk	CVCC	DOR	0	0	1	1
u82	zik	CVC	DOR	1	0	0	0
u82	juluk	CVCVC	DOR	1	1	1	1
u82	vank	CVCC	DOR	0	1	0	1
u82	dap	CVC	LAB	0	1	0	1
u82	nyrt	CVCC	COR	1	0	1	1
u82	pet	CVC	COR	0	0	0	1
u82	pyrk	CVCC	DOR	1	0	1	0
u82	poʧ	CVC	PAL	0	1	1	1
u82	nut	CVC	COR	1	1	1	1
u82	telp	CVCC	LAB	0	0	0	1
u82	hit	CVC	COR	1	0	0	1
u82	jiʧ	CVC	PAL	1	0	0	1
u82	nuk	CVC	DOR	1	1	1	1
u82	bynyt	CVCVC	COR	1	0	1	1
u82	høk	CVC	DOR	0	0	1	1
u82	maɯʧ	CVCVC	PAL	1	1	0	1
u82	kyrp	CVCC	LAB	1	0	1	1
u82	jaat	CVCVC	COR	0	1	0	1
u82	ʃyk	CVC	DOR	1	0	1	1
u82	nønyk	CVCVC	DOR	1	0	1	1
u82	ʃɯrt	CVCC	COR	1	1	0	1
u82	bunt	CVCC	COR	1	1	1	1
u82	gevit	CVCVC	COR	1	0	0	1
u82	pɯsɯt	CVCVC	COR	1	1	0	1
u82	søt	CVC	COR	0	0	1	1
u82	fat	CVC	COR	0	1	0	1
u82	dɯrp	CVCC	LAB	1	1	0	1
u82	tink	CVCC	DOR	1	0	0	1
u82	hant	CVCC	COR	0	1	0	1
u82	zyp	CVC	LAB	1	0	1	0
u82	ʤak	CVC	DOR	0	1	0	1
u82	gojup	CVCVC	LAB	1	1	1	1
u82	tyryʧ	CVCVC	PAL	1	0	1	1
u82	niket	CVCVC	COR	0	0	0	1
u82	zoruk	CVCVC	DOR	1	1	1	1
u82	gønt	CVCC	COR	0	0	1	1
u82	gep	CVC	LAB	0	0	0	1
u82	pɯk	CVC	DOR	1	1	0	1
u82	helk	CVCC	DOR	0	0	0	1
u82	tup	CVC	LAB	1	1	1	1
u82	ʧorut	CVCVC	COR	1	1	1	1
u82	jot	CVC	COR	0	1	1	1
u82	dyjyk	CVCVC	DOR	1	0	1	1
u82	mujut	CVCVC	COR	1	1	1	1
u82	mɯt	CVC	COR	1	1	0	1
u82	ʤyt	CVC	COR	1	0	1	1
u82	ʧint	CVCC	COR	1	0	0	1
u82	panʧ	CVCC	PAL	0	1	0	1
u82	køʧ	CVC	PAL	0	0	1	1
u82	banɯk	CVCVC	DOR	1	1	0	1
u82	dunk	CVCC	DOR	1	1	1	1
u82	perik	CVCVC	DOR	1	0	0	1
u82	solp	CVCC	LAB	0	1	1	1
u90	dyjyk	CVCVC	DOR	1	0	1	1
u90	bynyt	CVCVC	COR	1	0	1	1
u90	nuk	CVC	DOR	1	1	1	0
u90	sølyt	CVCVC	COR	1	0	1	1
u90	hant	CVCC	COR	0	1	0	1
u90	ʧorut	CVCVC	COR	1	1	1	0
u90	ʧint	CVCC	COR	1	0	0	0
u90	vek	CVC	DOR	0	0	0	0
u90	panʧ	CVCC	PAL	0	1	0	1
u90	kyrp	CVCC	LAB	1	0	1	1
u90	gevit	CVCVC	COR	1	0	0	1
u90	jot	CVC	COR	0	1	1	0
u90	tup	CVC	LAB	1	1	1	0
u90	banɯk	CVCVC	DOR	1	1	0	1
u90	munʧ	CVCC	PAL	1	1	1	1
u90	vank	CVCC	DOR	0	1	0	0
u90	zik	CVC	DOR	1	0	0	1
u90	helk	CVCC	DOR	0	0	0	0
u90	ʤyt	CVC	COR	1	0	1	1
u90	zyp	CVC	LAB	1	0	1	0
u90	ʃyk	CVC	DOR	1	0	1	1
u90	bunt	CVCC	COR	1	1	1	1
u90	ʃɯrt	CVCC	COR	1	1	0	1
u90	gojup	CVCVC	LAB	1	1	1	1
u90	sønk	CVCC	DOR	0	0	1	0
u90	ʤisip	CVCVC	LAB	1	0	0	1
u90	jønʧ	CVCC	PAL	0	0	1	1
u90	nɯrk	CVCC	DOR	1	1	0	0
u90	gep	CVC	LAB	0	0	0	1
u90	mɯt	CVC	COR	1	1	0	0
u90	mujut	CVCVC	COR	1	1	1	0
u90	nønyk	CVCVC	DOR	1	0	1	1
u90	bølyʧ	CVCVC	PAL	1	0	1	1
u90	jɯjap	CVCVC	LAB	0	1	0	1
u90	fat	CVC	COR	0	1	0	0
u90	zoruk	CVCVC	DOR	1	1	1	1
u90	juluk	CVCVC	DOR	1	1	1	1
u90	pyrk	CVCC	DOR	1	0	1	1
u90	pɯsɯt	CVCVC	COR	1	1	0	1
u90	ginʧ	CVCC	PAL	1	0	0	1
u90	maɯʧ	CVCVC	PAL	1	1	0	1
u90	hit	CVC	COR	1	0	0	0
u90	kunup	CVCVC	LAB	1	1	1	1
u90	nut	CVC	COR	1	1	1	1
u90	søt	CVC	COR	0	0	1	0
u90	dɯrp	CVCC	LAB	1	1	0	1
u90	perik	CVCVC	DOR	1	0	0	1
u90	tink	CVCC	DOR	1	0	0	0
u90	pɯk	CVC	DOR	1	1	0	0
u90	jaat	CVCVC	COR	0	1	0	1
u90	mok	CVC	DOR	0	1	1	0
u90	ʤak	CVC	DOR	0	1	0	0
u90	ʤolt	CVCC	COR	0	1	1	0
u90	bolk	CVCC	DOR	0	1	1	1
u90	zelt	CVCC	COR	0	0	0	1
u90	mesek	CVCVC	DOR	0	0	0	1
u90	køʧ	CVC	PAL	0	0	1	1
u90	nyrt	CVCC	COR	1	0	1	1
u90	dap	CVC	LAB	0	1	0	0
u90	høk	CVC	DOR	0	0	1	0
u90	pet	CVC	COR	0	0	0	0
u90	heveʧ	CVCVC	PAL	0	0	0	1
u90	jiʧ	CVC	PAL	1	0	0	0
u90	niket	CVCVC	COR	0	0	0	1
u90	gønt	CVCC	COR	0	0	1	0
u90	dunk	CVCC	DOR	1	1	1	0
u90	telp	CVCC	LAB	0	0	0	1
u90	tyryʧ	CVCVC	PAL	1	0	1	1
u90	solp	CVCC	LAB	0	1	1	1
u90	nɯʧ	CVC	PAL	1	1	0	0
u90	tatak	CVCVC	DOR	0	1	0	1
u90	poʧ	CVC	PAL	0	1	1	0